HOMERUN,DATE,BATTER FULL,BATTER LAST,BATTER FIRST,BATTER TEAM,PITCHER FULL,PITCHER LAST,PITCHER FIRST,PITCHER TEAM,INNNING,DISTANCE,ANGLE,OUTS,BALLS,STRIKES,FIRST,SECOND,THIRD,TEMP,DAY/NIGHT,PHILS W/L,PHILLIES SCORE,VISITORS SCORE,RUNS SCORED,ZONE,PX,PZ,STANCE
1,03/31/2008,Lastings Milledge,Milledge,Lastings,Nationals,Ryan Madson,Madson,Ryan,Phillies,6,430,106.7,2,1,1,1,0,0,51,Day,Loss,2,4,2,5,0.126,2.782,Right
2,03/31/2008,Chase Utley,Utley,Chase,Phillies,Matt Chico,Chico,Matt,Nationals,6,365,64.3,0,2,2,0,0,0,51,Day,Loss,2,6,1,9,0.483,2.426,Left
3,03/31/2008,Jimmy Rollins,Rollins,Jimmy,Phillies,Ray King,King,Ray,Nationals,7,408,101.6,1,1,1,0,1,0,51,Day,Loss,4,6,2,5,0.198,2.353,Left
4,04/02/2008,Ryan Zimmerman,Zimmerman,Ryan,Nationals,Cole Hamels,Hamels,Cole,Phillies,6,348,63.4,0,1,2,0,0,0,49,Night,Loss,0,0,1,11,-0.961,2.679,Right
5,04/03/2008,Chris Coste,Coste,Chris,Phillies,Jason Bergmann,Bergmann,Jason,Nationals,3,354,119,0,0,0,0,0,0,49,Day,Win,0,5,1,5,0.009,2.56,Right
6,04/11/2008,Derrek Lee,Lee,Derrek,Cubs,Brett Myers,Myers,Brett,Phillies,1,397,115.6,2,2,2,0,0,0,69,Night,Win,0,0,1,13,-1.086,2.996,Right
7,04/11/2008,Aramis Ramirez,Ramirez,Aramis,Cubs,Brett Myers,Myers,Brett,Phillies,1,401,99.3,2,1,1,0,0,0,69,Night,Win,0,1,1,13,-0.873,2.814,Right
8,04/11/2008,Pat Burrell,Burrell,Pat,Phillies,Carlos Zambrano,Zambrano,Carlos,Cubs,4,398,117.7,1,0,0,1,0,0,69,Night,Win,0,2,2,7,-0.616,2.243,Right
9,04/11/2008,Alfonso Soriano,Soriano,Alfonso,Cubs,Brett Myers,Myers,Brett,Phillies,6,344,117.5,0,0,0,0,0,0,69,Night,Win,3,2,1,11,-0.875,2.919,Right
10,04/12/2008,Pedro Feliz,Feliz,Pedro,Phillies,Ted Lilly,Lilly,Ted,Cubs,2,410,99.6,0,1,0,1,0,0,68,Night,Win,0,0,2,4,-0.409,2.568,Right
11,04/12/2008,Ryan Howard,Howard,Ryan,Phillies,Ted Lilly,Lilly,Ted,Cubs,5,392,79.8,1,3,2,0,0,1,68,Night,Win,3,0,2,12,0.878,3.094,Left
12,04/13/2008,Jayson Werth,Werth,Jayson,Phillies,Jason Marquis,Marquis,Jason,Cubs,5,416,100.7,0,2,0,0,0,0,56,Day,Loss,1,3,1,7,-0.442,2.15,Right
13,04/13/2008,Eric Bruntlett,Bruntlett,Eric,Phillies,Michael Wuertz,Wuertz,Michael,Cubs,6,360,112.3,0,0,0,0,0,0,56,Day,Loss,2,4,1,4,-0.617,2.749,Right
14,04/13/2008,Mark DeRosa,DeRosa,Mark,Cubs,Jamie Moyer,Moyer,Jamie,Phillies,6,401,116.6,0,1,1,0,0,0,56,Day,Loss,2,3,1,13,-0.722,2.206,Right
15,04/15/2008,Chris Snelling,Snelling,Chris,Phillies,Jose Valverde,Valverde,Jose,Astros,9,364,67,0,0,0,0,0,0,58,Night,Win,0,3,1,4,-0.237,2.199,Left
16,04/15/2008,Pat Burrell,Burrell,Pat,Phillies,Jose Valverde,Valverde,Jose,Astros,9,380,74.7,1,0,1,1,0,0,58,Night,Win,1,3,2,6,0.509,2.512,Right
17,04/16/2008,Michael Bourn,Bourn,Michael,Astros,Kyle Kendrick,Kendrick,Kyle,Phillies,5,378,56.7,2,1,1,0,0,0,64,Night,Loss,1,1,1,6,0.522,2.577,Left
18,04/17/2008,Miguel Tejada,Tejada,Miguel,Astros,Brett Myers,Myers,Brett,Phillies,4,364,69.8,1,1,2,0,0,0,72,Day,Win,4,0,1,2,-0.038,3.332,Right
19,04/17/2008,Chase Utley,Utley,Chase,Phillies,Brandon Backe,Backe,Brandon,Astros,4,409,77,0,0,0,1,0,0,72,Day,Win,4,1,2,11,-0.981,2.661,Left
20,04/17/2008,Pat Burrell,Burrell,Pat,Phillies,Oscar Villarreal,Villarreal,Oscar,Astros,6,340,117.7,0,3,1,0,0,0,72,Day,Win,6,1,1,11,-0.516,3.617,Right
21,04/17/2008,Ryan Howard,Howard,Ryan,Phillies,Oscar Villarreal,Villarreal,Oscar,Astros,6,383,66.6,0,3,2,0,0,0,72,Day,Win,7,1,1,14,0.338,1.614,Left
22,04/17/2008,Chris Coste,Coste,Chris,Phillies,Jose Valverde,Valverde,Jose,Astros,8,416,95.7,2,3,2,0,1,0,72,Day,Win,8,1,2,8,-0.158,1.67,Right
23,04/17/2008,Carlos Lee,Lee,Carlos,Astros,Clay Condrey,Condrey,Clay,Phillies,9,391,74.1,0,2,1,0,0,0,72,Day,Win,10,1,1,8,0.033,2.014,Right
24,04/18/2008,Chase Utley,Utley,Chase,Phillies,Johan Santana,Santana,Johan,Mets,7,414,84.9,0,0,1,0,0,0,76,Night,Loss,0,2,1,4,-0.475,2.706,Left
25,04/18/2008,Greg Dobbs,Dobbs,Greg,Phillies,Aaron Heilman,Heilman,Aaron,Mets,8,380,76.4,0,0,1,1,1,0,76,Night,Loss,1,5,3,3,-0.502,2.654,Left
26,04/19/2008,Chase Utley,Utley,Chase,Phillies,Scott Schoeneweis,Schoeneweis,Scott,Mets,7,354,55.7,2,0,0,0,0,0,83,Day,Loss,0,4,1,4,-0.378,2.469,Left
27,04/19/2008,Jose Reyes,Reyes,Jose,Mets,Ryan Madson,Madson,Ryan,Phillies,7,424,81.2,2,3,2,0,1,0,83,Day,Loss,0,2,2,3,0.407,2.693,Left
28,04/20/2008,Chase Utley,Utley,Chase,Phillies,Mike Pelfrey,Pelfrey,Mike,Mets,1,410,79.1,2,2,0,0,0,0,63,Day,Win,0,0,1,7,-0.468,2.548,Left
29,04/20/2008,Chase Utley,Utley,Chase,Phillies,Mike Pelfrey,Pelfrey,Mike,Mets,5,393,56.8,0,3,1,1,1,0,63,Day,Win,1,0,3,8,-0.08,2.236,Left
30,04/20/2008,Pedro Feliz,Feliz,Pedro,Phillies,Pedro Feliciano,Feliciano,Pedro,Mets,7,379,74.1,0,2,0,0,0,0,63,Day,Win,4,4,1,6,0.508,3.095,Right
31,04/29/2008,Scott Hairston,Hairston,Scott,Padres,Cole Hamels,Hamels,Cole,Phillies,5,378,101.9,2,0,1,0,0,0,58,Night,Win,2,0,1,6,0.433,2.405,Right
32,04/29/2008,Scott Hairston,Hairston,Scott,Padres,Ryan Madson,Madson,Ryan,Phillies,9,349,115.4,2,2,1,1,0,0,58,Night,Win,7,2,2,8,-0.077,1.98,Right
33,04/30/2008,Adrian Gonzalez,Gonzalez,Adrian,Padres,Jamie Moyer,Moyer,Jamie,Phillies,1,389,68.7,1,2,0,1,0,0,56,Night,Loss,0,0,2,8,-0.044,2.468,Left
34,04/30/2008,Chase Utley,Utley,Chase,Phillies,Chris Young,Young,Chris,Padres,1,410,67.8,1,1,0,1,0,0,56,Night,Loss,0,2,2,4,-0.56,2.791,Left
35,04/30/2008,Kevin Kouzmanoff,Kouzmanoff,Kevin,Padres,Jamie Moyer,Moyer,Jamie,Phillies,3,363,112.7,0,2,2,0,0,0,56,Night,Loss,2,2,1,13,-0.856,2.481,Right
36,05/01/2008,Adrian Gonzalez,Gonzalez,Adrian,Padres,Adam Eaton,Eaton,Adam,Phillies,1,372,59.1,1,0,0,1,0,0,56,Night,Win,0,0,2,12,0.721,3.69,Left
37,05/01/2008,Ryan Howard,Howard,Ryan,Phillies,Joe Thatcher,Thatcher,Joe,Padres,8,383,72.4,0,2,0,0,0,0,56,Night,Win,2,2,1,13,-0.856,2.442,Left
38,05/02/2008,Chase Utley,Utley,Chase,Phillies,Pat Misch,Misch,Pat,Giants,1,370,55.9,1,3,2,0,1,0,72,Night,Win,0,0,2,8,-0.215,2.027,Left
39,05/02/2008,Pedro Feliz,Feliz,Pedro,Phillies,Pat Misch,Misch,Pat,Giants,4,359,115.4,0,0,0,1,0,0,72,Night,Win,2,1,2,6,0.406,2.868,Right
40,05/02/2008,Pat Burrell,Burrell,Pat,Phillies,Brian Wilson,Wilson,Brian,Giants,10,375,107.1,2,2,2,1,0,0,72,Night,Win,4,5,2,5,-0.043,2.666,Right
41,05/02/2008,Aaron Rowand,Rowand,Aaron,Giants,J.C. Romero,Romero,J.C.,Phillies,10,411,92.3,0,0,0,0,0,0,72,Night,Win,4,4,1,3,0.262,3.369,Right
42,05/03/2008,Chase Utley,Utley,Chase,Phillies,Matt Cain,Cain,Matt,Giants,4,407,94.9,1,2,1,0,0,0,58,Night,Loss,0,1,1,7,-0.698,2.044,Left
43,05/03/2008,Geoff Jenkins,Jenkins,Geoff,Phillies,Matt Cain,Cain,Matt,Giants,5,346,51.6,0,0,0,0,0,0,58,Night,Loss,1,2,1,5,0.18,2.282,Left
44,05/03/2008,Fred Lewis,Lewis,Fred,Giants,Brett Myers,Myers,Brett,Phillies,5,365,58.6,1,3,2,0,0,0,58,Night,Loss,1,1,1,5,-0.021,2.394,Left
45,05/04/2008,Rich Aurilia,Aurilia,Rich,Giants,Cole Hamels,Hamels,Cole,Phillies,6,367,105.9,2,0,0,1,0,0,68,Day,Win,4,2,2,2,-0.124,3.027,Right
46,05/04/2008,Carlos Ruiz,Ruiz,Carlos,Phillies,Vinnie Chulk,Chulk,Vinnie,Giants,8,363,107.6,1,3,2,0,0,0,68,Day,Win,4,5,1,5,-0.225,2.555,Right
47,05/14/2008,Yunel Escobar,Escobar,Yunel,Braves,Brett Myers,Myers,Brett,Phillies,1,371,106.4,0,0,1,0,0,0,69,Night,Loss,0,0,1,13,-0.882,2.373,Right
48,05/14/2008,Chipper Jones,Jones,Chipper,Braves,Brett Myers,Myers,Brett,Phillies,1,409,102.7,1,0,0,0,0,0,69,Night,Loss,0,1,1,8,-0.228,2.4,Left
49,05/14/2008,Kelly Johnson,Johnson,Kelly,Braves,Brett Myers,Myers,Brett,Phillies,2,409,95.6,1,0,0,0,0,0,69,Night,Loss,0,2,1,7,-0.698,2.139,Left
50,05/14/2008,Chase Utley,Utley,Chase,Phillies,Tom Glavine,Glavine,Tom,Braves,6,433,77.8,1,1,2,0,0,1,69,Night,Loss,2,8,2,9,0.32,2.144,Left
51,05/14/2008,Ryan Howard,Howard,Ryan,Phillies,Royce Ring,Ring,Royce,Braves,8,402,103.6,2,2,1,0,0,0,69,Night,Loss,4,8,1,4,-0.341,2.715,Left
52,05/15/2008,Pedro Feliz,Feliz,Pedro,Phillies,Chuck James,James,Chuck,Braves,2,368,112.7,0,0,0,0,0,0,75,Night,Win,0,0,1,1,-0.245,3.236,Right
53,05/15/2008,Ryan Howard,Howard,Ryan,Phillies,Chuck James,James,Chuck,Braves,3,437,91.5,1,2,2,0,0,0,75,Night,Win,1,0,1,11,-0.968,2.994,Left
54,05/15/2008,Shane Victorino,Victorino,Shane,Phillies,Chuck James,James,Chuck,Braves,4,373,105.7,1,0,0,1,0,0,75,Night,Win,3,0,2,6,0.337,2.601,Right
55,05/16/2008,Jayson Werth,Werth,Jayson,Phillies,David Purcey,Purcey,David,Blue Jays,2,382,70.7,0,0,1,1,1,0,55,Night,Win,0,0,3,8,-0.166,2.356,Right
56,05/16/2008,Jayson Werth,Werth,Jayson,Phillies,David Purcey,Purcey,David,Blue Jays,3,389,75.1,1,3,1,1,1,1,55,Night,Win,4,0,4,6,0.367,2.666,Right
57,05/16/2008,Jayson Werth,Werth,Jayson,Phillies,Jesse Litsch,Litsch,Jesse,Blue Jays,5,390,98.3,2,2,1,0,0,0,55,Night,Win,8,2,1,13,-0.874,2.717,Right
58,05/17/2008,Rod Barajas,Barajas,Rod,Blue Jays,Adam Eaton,Eaton,Adam,Phillies,2,359,69.3,0,2,1,1,1,1,69,Night,Loss,0,0,4,9,0.584,2.477,Right
59,05/17/2008,Rod Barajas,Barajas,Rod,Blue Jays,Tom Gordon,Gordon,Tom,Phillies,9,401,112.3,0,1,0,0,0,0,69,Night,Loss,3,4,1,7,-0.364,2.45,Right
60,05/18/2008,Ryan Howard,Howard,Ryan,Phillies,Shaun Marcum,Marcum,Shaun,Blue Jays,1,435,95.2,2,1,1,0,1,0,66,Day,Loss,0,0,2,5,-0.145,2.525,Left
61,05/18/2008,Lyle Overbay,Overbay,Lyle,Blue Jays,Chad Durbin,Durbin,Chad,Phillies,5,429,65.4,2,2,1,1,1,0,66,Day,Loss,3,0,3,3,0.619,3.348,Left
62,05/18/2008,Pat Burrell,Burrell,Pat,Phillies,B.J. Ryan,Ryan,B.J.,Blue Jays,9,425,108.1,2,3,2,0,0,0,66,Day,Loss,4,6,1,5,0.001,2.606,Right
63,05/26/2008,Chase Utley,Utley,Chase,Phillies,La De,De,La,Rockies,1,403,78.2,1,1,1,1,0,1,80,Night,Win,0,0,3,7,-0.364,2.339,Left
64,05/26/2008,Ryan Spilborghs,Spilborghs,Ryan,Rockies,Jamie Moyer,Moyer,Jamie,Phillies,1,427,92.7,0,2,2,0,1,1,80,Night,Win,0,3,3,9,0.267,1.979,Right
65,05/26/2008,Chris Coste,Coste,Chris,Phillies,Josh Newman,Newman,Josh,Rockies,6,367,115.5,1,0,1,1,1,0,80,Night,Win,10,4,3,11,-0.895,3.142,Right
66,05/27/2008,Ryan Spilborghs,Spilborghs,Ryan,Rockies,Tom Gordon,Gordon,Tom,Phillies,8,390,101.3,2,1,0,0,0,1,81,Night,Win,7,1,2,5,0.088,2.395,Right
67,05/28/2008,Geoff Jenkins,Jenkins,Geoff,Phillies,Greg Reynolds,Reynolds,Greg,Rockies,5,359,71.5,1,1,1,1,0,0,68,Night,Win,4,1,2,9,0.494,2.207,Left
68,05/28/2008,Chase Utley,Utley,Chase,Phillies,Greg Reynolds,Reynolds,Greg,Rockies,5,412,70.6,0,0,1,1,1,0,68,Night,Win,1,1,3,4,-0.245,2.726,Left
69,05/30/2008,Chase Utley,Utley,Chase,Phillies,Mark Hendrickson,Hendrickson,Mark,Marlins,2,397,69.6,2,1,2,0,1,0,77,Night,Win,3,3,2,11,-0.897,3.224,Left
70,05/30/2008,Chris Coste,Coste,Chris,Phillies,Mark Hendrickson,Hendrickson,Mark,Marlins,2,404,99.1,1,2,0,1,0,1,77,Night,Win,0,3,3,3,0.614,3.124,Right
71,05/30/2008,Ryan Howard,Howard,Ryan,Phillies,Burke Badenhop,Badenhop,Burke,Marlins,4,342,128.4,2,0,1,1,0,1,77,Night,Win,8,3,3,13,-1.056,2.146,Left
72,05/31/2008,Luis Gonzalez,Gonzalez,Luis,Marlins,Cole Hamels,Hamels,Cole,Phillies,4,372,73,2,3,2,0,1,0,71,Night,Loss,2,2,2,8,-0.128,2.196,Left
73,05/31/2008,Cody Ross,Ross,Cody,Marlins,Cole Hamels,Hamels,Cole,Phillies,6,357,110.1,2,0,0,1,0,0,71,Night,Loss,2,5,2,13,-0.961,2.16,Right
74,05/31/2008,Jorge Cantu,Cantu,Jorge,Marlins,Cole Hamels,Hamels,Cole,Phillies,6,377,112.5,0,0,0,0,0,0,71,Night,Loss,2,4,1,2,-0.015,3.346,Right
75,05/31/2008,Chase Utley,Utley,Chase,Phillies,Renyel Pinto,Pinto,Renyel,Marlins,8,377,69.2,1,1,2,0,0,0,71,Night,Loss,2,7,1,6,0.378,2.686,Left
76,06/01/2008,Mike Jacobs,Jacobs,Mike,Marlins,Jamie Moyer,Moyer,Jamie,Phillies,2,434,78.1,0,0,0,0,0,0,81,Day,Win,1,0,1,8,0.068,2.313,Left
77,06/01/2008,Mike Jacobs,Jacobs,Mike,Marlins,Jamie Moyer,Moyer,Jamie,Phillies,3,389,73,2,0,0,1,1,0,81,Day,Win,1,2,3,8,0.006,2.479,Left
78,06/01/2008,Chase Utley,Utley,Chase,Phillies,Andrew Miller,Miller,Andrew,Marlins,3,430,83.1,1,1,1,0,0,0,81,Day,Win,2,5,1,8,0.006,1.968,Left
79,06/01/2008,Geoff Jenkins,Jenkins,Geoff,Phillies,Doug Waechter,Waechter,Doug,Marlins,6,402,69.7,2,1,0,1,0,0,81,Day,Win,3,5,2,5,-0.14,2.699,Left
80,06/02/2008,Chase Utley,Utley,Chase,Phillies,Bronson Arroyo,Arroyo,Bronson,Reds,1,397,79.4,1,3,0,1,0,0,78,Night,Win,0,0,2,1,-0.309,3.389,Left
81,06/02/2008,Jay Bruce,Bruce,Jay,Reds,Kyle Kendrick,Kendrick,Kyle,Phillies,4,352,116.4,1,1,1,0,0,0,78,Night,Win,2,0,1,11,-0.872,3.003,Left
82,06/02/2008,Pedro Feliz,Feliz,Pedro,Phillies,Bronson Arroyo,Arroyo,Bronson,Reds,4,358,117.3,0,3,2,0,1,0,78,Night,Win,2,1,2,4,-0.592,2.442,Right
83,06/02/2008,Chris Coste,Coste,Chris,Phillies,Bronson Arroyo,Arroyo,Bronson,Reds,4,422,102.3,0,2,1,0,0,0,78,Night,Win,4,1,1,4,-0.346,2.698,Right
84,06/02/2008,Edwin Encarnacion,Encarnacion,Edwin,Reds,Kyle Kendrick,Kendrick,Kyle,Phillies,5,353,117.4,0,0,1,0,0,0,78,Night,Win,5,1,1,4,-0.691,2.56,Right
85,06/03/2008,Edwin Encarnacion,Encarnacion,Edwin,Reds,Adam Eaton,Eaton,Adam,Phillies,3,353,121.1,0,2,2,0,0,0,75,Night,Win,0,0,1,4,-0.613,2.471,Right
86,06/03/2008,Pat Burrell,Burrell,Pat,Phillies,Aaron Harang,Harang,Aaron,Reds,6,374,114.5,1,2,2,0,1,0,75,Night,Win,1,1,2,8,0.035,2.331,Right
87,06/05/2008,Geoff Jenkins,Jenkins,Geoff,Phillies,Homer Bailey,Bailey,Homer,Reds,6,399,78.5,2,0,0,0,0,0,72,Day,Win,3,0,1,5,0.016,2.284,Left
88,06/16/2008,Ryan Howard,Howard,Ryan,Phillies,Bartolo Colon,Colon,Bartolo,Red Sox,1,360,110.1,1,1,0,0,1,0,79,Night,Win,1,0,2,13,-1.094,2.916,Left
89,06/16/2008,Jimmy Rollins,Rollins,Jimmy,Phillies,Bartolo Colon,Colon,Bartolo,Red Sox,1,408,63.2,0,1,0,0,0,0,79,Night,Win,0,0,1,9,0.288,2.08,Left
90,06/16/2008,Ryan Howard,Howard,Ryan,Phillies,Bartolo Colon,Colon,Bartolo,Red Sox,3,374,106.2,0,2,1,0,0,0,79,Night,Win,3,0,1,7,-0.309,2,Left
91,06/16/2008,Dustin Pedroia,Pedroia,Dustin,Red Sox,Cole Hamels,Hamels,Cole,Phillies,5,380,106.2,1,3,1,0,0,0,79,Night,Win,4,0,1,5,0.08,2.947,Right
92,06/16/2008,J.D. Drew,Drew,J.D.,Red Sox,Cole Hamels,Hamels,Cole,Phillies,5,421,86.1,1,1,1,0,0,0,79,Night,Win,4,1,1,8,0.166,2.189,Left
93,06/17/2008,Coco Crisp,Crisp,Coco,Red Sox,Jamie Moyer,Moyer,Jamie,Phillies,2,398,101.7,1,0,0,1,0,0,74,Night,Loss,0,0,2,8,-0.073,1.752,Right
94,06/18/2008,Mike Lowell,Lowell,Mike,Red Sox,Kyle Kendrick,Kendrick,Kyle,Phillies,1,365,108.3,0,2,1,0,0,0,75,Day,Loss,0,3,1,4,-0.601,2.544,Right
95,06/18/2008,J.D. Drew,Drew,J.D.,Red Sox,Kyle Kendrick,Kendrick,Kyle,Phillies,1,401,80.6,0,0,1,1,1,0,75,Day,Loss,0,0,3,4,-0.344,2.84,Left
96,06/20/2008,Vladimir Guerrero,Guerrero,Vladimir,Angels,Adam Eaton,Eaton,Adam,Phillies,1,365,114.9,0,0,0,0,1,0,81,Night,Loss,0,0,2,13,-0.929,2.331,Right
97,06/21/2008,Vladimir Guerrero,Guerrero,Vladimir,Angels,Brett Myers,Myers,Brett,Phillies,4,403,107.7,1,0,1,0,0,0,85,Night,Loss,0,0,1,13,-1.003,1.747,Right
98,06/21/2008,Jayson Werth,Werth,Jayson,Phillies,Joe Saunders,Saunders,Joe,Angels,7,415,85.8,0,0,0,0,0,0,85,Night,Loss,0,1,1,5,0.063,2.961,Right
99,06/21/2008,Vladimir Guerrero,Guerrero,Vladimir,Angels,Brett Myers,Myers,Brett,Phillies,7,416,106.1,2,1,0,0,0,0,85,Night,Loss,0,2,1,13,-0.856,2.618,Right
100,06/21/2008,Erick Aybar,Aybar,Erick,Angels,Brett Myers,Myers,Brett,Phillies,8,366,54.9,2,0,1,1,0,0,85,Night,Loss,2,2,2,7,-0.291,1.916,Left
101,06/22/2008,Casey Kotchman,Kotchman,Casey,Angels,Cole Hamels,Hamels,Cole,Phillies,2,402,60.5,1,1,0,1,0,0,80,Day,Loss,0,1,2,3,0.356,3.135,Left
102,07/05/2008,Ryan Howard,Howard,Ryan,Phillies,John Maine,Maine,John,Mets,4,366,115.1,1,2,1,1,1,0,79,Night,Loss,0,3,3,1,-0.274,3.566,Left
103,07/06/2008,Carlos Beltran,Beltran,Carlos,Mets,Kyle Kendrick,Kendrick,Kyle,Phillies,3,376,67.8,2,3,2,0,0,0,79,Day,Loss,0,0,1,4,-0.424,2.799,Left
104,07/06/2008,Jayson Werth,Werth,Jayson,Phillies,Billy Wagner,Wagner,Billy,Mets,9,417,95.5,2,1,2,1,0,0,79,Day,Loss,0,2,2,5,0.091,2.668,Right
105,07/06/2008,Fernando Tatis,Tatis,Fernando,Mets,Chad Durbin,Durbin,Chad,Phillies,12,407,94.6,1,2,2,0,1,0,79,Day,Loss,2,2,2,7,-0.669,1.785,Right
106,07/07/2008,Chase Utley,Utley,Chase,Phillies,Pedro Martinez,Martinez,Pedro,Mets,4,348,123.9,0,1,2,0,0,0,80,Night,Loss,0,8,1,8,0.137,1.932,Left
107,07/07/2008,Pat Burrell,Burrell,Pat,Phillies,Pedro Martinez,Martinez,Pedro,Mets,6,353,64.8,1,1,0,0,0,0,80,Night,Loss,1,10,1,6,0.606,3.059,Right
108,07/07/2008,David Wright,Wright,David,Mets,R.J. Swindle,Swindle,R.J.,Phillies,6,402,99.7,0,3,2,0,0,0,80,Night,Loss,1,8,1,4,-0.505,2.502,Right
109,07/07/2008,Ryan Howard,Howard,Ryan,Phillies,Tony Armas,Armas,Tony,Mets,7,350,64.5,2,0,0,0,0,1,80,Night,Loss,3,10,2,6,0.496,2.949,Left
110,07/07/2008,Geoff Jenkins,Jenkins,Geoff,Phillies,Aaron Heilman,Heilman,Aaron,Mets,8,411,79.3,2,0,0,1,0,0,80,Night,Loss,5,10,2,8,0.059,1.893,Left
111,07/08/2008,Rick Ankiel,Ankiel,Rick,Cardinals,Cole Hamels,Hamels,Cole,Phillies,5,413,100.9,0,1,0,0,0,0,88,Night,Loss,0,0,1,4,-0.702,2.417,Left
112,07/08/2008,Ryan Ludwick,Ludwick,Ryan,Cardinals,Cole Hamels,Hamels,Cole,Phillies,6,450,98,2,0,2,0,0,0,88,Night,Loss,0,1,1,7,-0.409,2.05,Right
113,07/09/2008,Pedro Feliz,Feliz,Pedro,Phillies,Chris Perez,Perez,Chris,Cardinals,8,358,114.3,2,1,2,0,0,0,75,Night,Win,3,2,1,5,-0.112,2.695,Right
114,07/09/2008,Ryan Howard,Howard,Ryan,Phillies,Kyle McClellan,McClellan,Kyle,Cardinals,8,374,71,0,0,2,0,0,0,75,Night,Win,2,2,1,14,1.01,2.463,Left
115,07/10/2008,Ryan Howard,Howard,Ryan,Phillies,Braden Looper,Looper,Braden,Cardinals,1,394,101,2,3,2,1,0,0,81,Day,Win,0,0,2,8,-0.132,1.749,Left
116,07/10/2008,Ryan Howard,Howard,Ryan,Phillies,Braden Looper,Looper,Braden,Cardinals,6,357,115.6,0,0,0,0,0,0,81,Day,Win,3,1,1,4,-0.655,2.786,Left
117,07/11/2008,Ryan Howard,Howard,Ryan,Phillies,Doug Davis,Davis,Doug,Diamondbacks,2,389,109.6,0,0,0,0,0,0,83,Night,Win,0,0,1,4,-0.493,2.722,Left
118,07/12/2008,Shane Victorino,Victorino,Shane,Phillies,Randy Johnson,Johnson,Randy,Diamondbacks,3,393,116.4,1,0,1,0,1,0,87,Day,Loss,0,2,2,7,-0.572,2.113,Right
119,07/12/2008,Mark Reynolds,Reynolds,Mark,Diamondbacks,R.J. Swindle,Swindle,R.J.,Phillies,4,426,98,2,1,2,1,0,1,87,Day,Loss,2,7,3,7,-0.622,2.145,Right
120,07/12/2008,Shane Victorino,Victorino,Shane,Phillies,Randy Johnson,Johnson,Randy,Diamondbacks,5,352,122.4,2,2,2,0,0,0,87,Day,Loss,3,10,1,5,-0.23,2.887,Right
121,07/13/2008,Chad Tracy,Tracy,Chad,Diamondbacks,Cole Hamels,Hamels,Cole,Phillies,2,390,63.7,1,1,2,0,0,0,87,Day,Win,0,0,1,5,-0.063,2.756,Left
122,07/13/2008,Pedro Feliz,Feliz,Pedro,Phillies,Chad Qualls,Qualls,Chad,Diamondbacks,8,360,122.8,1,0,1,0,0,0,87,Day,Win,5,2,1,11,-1.018,2.88,Right
123,07/13/2008,Pat Burrell,Burrell,Pat,Phillies,Chad Qualls,Qualls,Chad,Diamondbacks,8,388,103.4,0,2,2,1,1,0,87,Day,Win,2,2,3,9,0.237,1.903,Right
124,07/25/2008,Brian McCann,McCann,Brian,Braves,Kyle Kendrick,Kendrick,Kyle,Phillies,4,425,87.6,0,1,0,0,0,0,86,Night,Loss,0,0,1,13,-0.901,2.9,Left
125,07/25/2008,Brian McCann,McCann,Brian,Braves,Brad Lidge,Lidge,Brad,Phillies,9,378,68.9,0,1,2,1,1,1,86,Night,Loss,0,2,4,6,0.561,3.206,Left
126,07/25/2008,Ryan Howard,Howard,Ryan,Phillies,Will Ohman,Ohman,Will,Braves,9,387,105,2,0,1,1,0,0,86,Night,Loss,0,8,2,4,-0.377,2.784,Left
127,07/26/2008,Mark Teixeira,Teixeira,Mark,Braves,Cole Hamels,Hamels,Cole,Phillies,4,397,101.7,2,0,1,1,1,0,87,Day,Win,3,6,3,1,-0.505,3.475,Right
128,07/26/2008,Greg Dobbs,Dobbs,Greg,Phillies,Blaine Boyer,Boyer,Blaine,Braves,5,428,71.3,2,1,2,1,0,1,87,Day,Win,7,9,3,4,-0.302,2.395,Left
129,07/27/2008,Kelly Johnson,Johnson,Kelly,Braves,Adam Eaton,Eaton,Adam,Phillies,4,361,63.1,1,1,0,0,1,0,85,Day,Win,0,2,2,4,-0.274,3.043,Left
130,07/27/2008,Shane Victorino,Victorino,Shane,Phillies,Jo-Jo Reyes,Reyes,Jo-Jo,Braves,4,387,106.4,2,0,1,1,1,0,85,Day,Win,2,5,3,6,0.243,2.453,Right
131,07/27/2008,Omar Infante,Infante,Omar,Braves,Adam Eaton,Eaton,Adam,Phillies,4,395,110.1,1,2,2,0,0,0,85,Day,Win,0,4,1,4,-0.681,2.678,Right
132,07/27/2008,Chris Coste,Coste,Chris,Phillies,Jo-Jo Reyes,Reyes,Jo-Jo,Braves,4,401,95.9,2,2,1,1,0,0,85,Day,Win,0,5,2,8,-0.162,2.298,Right
133,07/27/2008,Pat Burrell,Burrell,Pat,Phillies,Julian Tavarez,Tavarez,Julian,Braves,5,383,103,1,3,2,0,0,0,85,Day,Win,5,5,1,6,-0.505,3.475,Right
134,07/27/2008,Jayson Werth,Werth,Jayson,Phillies,Blaine Boyer,Boyer,Blaine,Braves,6,426,95.1,2,3,2,1,0,0,85,Day,Win,9,5,2,4,-0.603,2.644,Right
135,07/27/2008,Jimmy Rollins,Rollins,Jimmy,Phillies,Buddy Carlyle,Carlyle,Buddy,Braves,7,359,70.1,2,0,1,0,0,0,85,Day,Win,11,5,1,8,0.048,2.426,Left
136,08/05/2008,Shane Victorino,Victorino,Shane,Phillies,Renyel Pinto,Pinto,Renyel,Marlins,7,344,128.1,2,2,2,1,0,0,84,Night,Loss,0,4,2,8,-0.086,2.039,Right
137,08/06/2008,Ryan Howard,Howard,Ryan,Phillies,Anibal Sanchez,Sanchez,Anibal,Marlins,3,404,101.9,0,1,2,0,0,0,87,Night,Win,3,0,1,7,-0.586,2.183,Left
138,08/10/2008,Chase Utley,Utley,Chase,Phillies,Tyler Yates,Yates,Tyler,Pirates,7,366,71.6,2,1,1,0,0,1,68,Day,Win,3,3,2,5,0.207,2.609,Left
139,08/19/2008,Willie Harris,Harris,Willie,Nationals,Joe Blanton,Blanton,Joe,Phillies,1,361,70.6,1,0,2,0,0,0,80,Night,Win,0,0,1,3,0.557,3.106,Left
140,08/19/2008,Jayson Werth,Werth,Jayson,Phillies,Steven Shell,Shell,Steven,Nationals,8,384,101.6,1,1,2,0,0,0,80,Night,Win,4,4,1,4,-0.341,3.339,Right
141,08/20/2008,Greg Dobbs,Dobbs,Greg,Phillies,Collin Balester,Balester,Collin,Nationals,5,372,72.5,0,2,2,1,0,0,77,Night,Win,1,0,2,4,-0.598,2.77,Left
142,08/21/2008,Carlos Ruiz,Ruiz,Carlos,Phillies,Saul Rivera,Rivera,Saul,Nationals,7,402,99.5,2,1,0,0,0,0,80,Night,Loss,2,2,1,2,0.084,3.235,Right
143,08/22/2008,Andre Ethier,Ethier,Andre,Dodgers,Kyle Kendrick,Kendrick,Kyle,Phillies,1,359,108.4,1,3,1,0,0,0,78,Night,Win,0,0,1,5,0.102,2.522,Left
144,08/22/2008,Ryan Howard,Howard,Ryan,Phillies,Greg Maddux,Maddux,Greg,Dodgers,4,384,108.3,2,2,0,1,0,0,78,Night,Win,0,1,2,13,-0.736,2.539,Left
145,08/22/2008,Chris Coste,Coste,Chris,Phillies,Greg Maddux,Maddux,Greg,Dodgers,6,363,108.2,2,1,1,1,0,1,78,Night,Win,4,1,3,7,-0.351,2.293,Right
146,08/22/2008,Chase Utley,Utley,Chase,Phillies,Ramon Troncoso,Troncoso,Ramon,Dodgers,7,413,88.6,1,3,1,0,0,0,78,Night,Win,7,1,1,7,-0.265,2.267,Left
147,08/23/2008,Pat Burrell,Burrell,Pat,Phillies,Clayton Kershaw,Kershaw,Clayton,Dodgers,1,374,127.9,0,0,1,1,1,0,81,Day,Win,0,0,3,13,-0.962,2.612,Right
148,08/23/2008,Russell Martin,Martin,Russell,Dodgers,Cole Hamels,Hamels,Cole,Phillies,3,414,104.2,0,0,0,0,1,0,81,Day,Win,3,0,2,2,0.067,3.096,Right
149,08/24/2008,Pedro Feliz,Feliz,Pedro,Phillies,Jason Johnson,Johnson,Jason,Dodgers,11,401,95.9,2,0,0,0,1,1,80,Night,Win,2,2,3,4,-0.374,2.537,Right
150,08/26/2008,Damion Easley,Easley,Damion,Mets,Jamie Moyer,Moyer,Jamie,Phillies,2,423,96.1,2,1,0,0,0,0,78,Night,Win,0,2,1,8,0.203,1.896,Right
151,08/26/2008,Fernando Tatis,Tatis,Fernando,Mets,Jamie Moyer,Moyer,Jamie,Phillies,3,368,113.2,0,2,2,1,0,1,78,Night,Win,0,3,3,11,-1,3.312,Right
152,08/26/2008,Jimmy Rollins,Rollins,Jimmy,Phillies,Pedro Martinez,Martinez,Pedro,Mets,5,372,59.8,0,2,1,0,1,0,78,Night,Win,1,7,2,4,-0.412,2.727,Left
153,08/26/2008,Ryan Howard,Howard,Ryan,Phillies,Pedro Martinez,Martinez,Pedro,Mets,5,374,115.8,1,0,0,1,0,0,78,Night,Win,3,7,2,13,-0.765,2.479,Left
154,08/27/2008,Ryan Howard,Howard,Ryan,Phillies,Johan Santana,Santana,Johan,Mets,1,372,116.9,2,2,2,0,1,0,76,Night,Loss,0,1,2,11,-0.727,2.952,Left
155,08/27/2008,Jayson Werth,Werth,Jayson,Phillies,Johan Santana,Santana,Johan,Mets,2,387,109.3,0,1,2,0,0,0,76,Night,Loss,2,1,1,4,-0.593,2.991,Right
156,08/27/2008,Carlos Delgado,Delgado,Carlos,Mets,Kyle Kendrick,Kendrick,Kyle,Phillies,6,373,70.6,0,2,2,0,0,0,76,Night,Loss,3,1,1,14,0.741,1.669,Left
157,08/27/2008,Carlos Delgado,Delgado,Carlos,Mets,Rudy Seanez,Seanez,Rudy,Phillies,8,347,119.2,2,1,0,0,0,0,76,Night,Loss,3,2,1,7,-0.666,2.146,Left
158,09/08/2008,Mike Jacobs,Jacobs,Mike,Marlins,Joe Blanton,Blanton,Joe,Phillies,3,391,76.5,2,2,1,1,0,0,79,Night,Win,5,2,2,14,1.072,1.838,Left
159,09/08/2008,Jayson Werth,Werth,Jayson,Phillies,Joe Nelson,Nelson,Joe,Marlins,7,418,89.2,2,0,0,1,0,1,79,Night,Win,5,4,3,5,0.056,2.924,Right
160,09/08/2008,Cody Ross,Ross,Cody,Marlins,J.C. Romero,Romero,J.C.,Phillies,8,372,112.3,1,1,1,1,0,0,79,Night,Win,8,4,2,5,0.077,2.914,Right
161,09/09/2008,Jorge Cantu,Cantu,Jorge,Marlins,Kyle Kendrick,Kendrick,Kyle,Phillies,2,396,110,1,1,1,1,1,0,73,Night,Loss,1,4,3,8,-0.023,2.305,Right
162,09/09/2008,Mike Jacobs,Jacobs,Mike,Marlins,J.A. Happ,Happ,J.A.,Phillies,4,414,85.9,1,1,1,1,0,0,73,Night,Loss,1,7,2,4,-0.397,2.77,Left
163,09/09/2008,Ryan Howard,Howard,Ryan,Phillies,La De,De,La,Marlins,4,423,86.7,0,0,0,1,0,0,73,Night,Loss,1,9,2,4,-0.471,2.9,Left
164,09/09/2008,Cody Ross,Ross,Cody,Marlins,J.A. Happ,Happ,J.A.,Phillies,5,417,85.3,0,1,1,0,0,0,73,Night,Loss,4,9,1,5,-0.045,2.714,Right
165,09/10/2008,Ryan Howard,Howard,Ryan,Phillies,Ricky Nolasco,Nolasco,Ricky,Marlins,2,422,67.5,0,1,1,0,0,0,76,Day,Loss,0,0,1,3,0.42,3.511,Left
166,09/10/2008,Luis Gonzalez,Gonzalez,Luis,Marlins,Brett Myers,Myers,Brett,Phillies,3,389,61.8,1,0,0,1,0,0,76,Day,Loss,1,0,2,4,-0.601,2.546,Left
167,09/11/2008,Ryan Howard,Howard,Ryan,Phillies,Ben Sheets,Sheets,Ben,Brewers,1,422,90.3,2,0,0,0,1,0,69,Night,Win,0,0,2,2,0.24,3.25,Left
168,09/11/2008,J.J. Hardy,Hardy,J.J.,Brewers,Jamie Moyer,Moyer,Jamie,Phillies,3,354,117.9,2,2,2,0,0,0,69,Night,Win,2,0,1,4,-0.331,2.842,Right
169,09/11/2008,Prince Fielder,Fielder,Prince,Brewers,Jamie Moyer,Moyer,Jamie,Phillies,6,422,86.5,2,0,0,0,0,1,69,Night,Win,4,1,2,5,0.025,2.649,Left
170,09/13/2008,Jimmy Rollins,Rollins,Jimmy,Phillies,Carlos Villanueva,Villanueva,Carlos,Brewers,6,366,59,2,3,2,0,1,0,84,Day,Win,5,2,2,6,0.254,3.055,Left
171,09/13/2008,Ryan Braun,Braun,Ryan,Brewers,Chad Durbin,Durbin,Chad,Phillies,8,403,98.5,0,1,2,0,0,0,84,Day,Win,7,2,1,4,-0.572,3.101,Right
172,09/14/2008,Ray Durham,Durham,Ray,Brewers,Joe Blanton,Blanton,Joe,Phillies,1,405,81.3,1,2,2,0,0,1,89,Day,Win,0,0,2,2,0.07,3.16,Left
173,09/14/2008,Pat Burrell,Burrell,Pat,Phillies,Jeff Suppan,Suppan,Jeff,Brewers,4,422,119.2,0,1,1,0,0,0,85,Night,Win,4,0,1,13,-0.997,2.587,Right
174,09/14/2008,Mike Cameron,Cameron,Mike,Brewers,Joe Blanton,Blanton,Joe,Phillies,5,409,114.7,0,0,0,0,0,0,89,Day,Win,1,2,1,5,-0.175,2.651,Right
175,09/14/2008,Ryan Howard,Howard,Ryan,Phillies,Dave Bush,Bush,Dave,Brewers,6,359,110,0,1,1,1,0,0,89,Day,Win,1,3,2,7,-0.558,2.067,Left
176,09/14/2008,Prince Fielder,Fielder,Prince,Brewers,Brett Myers,Myers,Brett,Phillies,7,382,73.8,2,3,2,0,0,0,85,Night,Win,6,0,1,6,0.419,2.502,Left
177,09/14/2008,Shane Victorino,Victorino,Shane,Phillies,Brian Shouse,Shouse,Brian,Brewers,8,391,101.3,1,1,0,1,1,0,89,Day,Win,4,3,3,7,-0.416,1.949,Right
178,09/22/2008,Kelly Johnson,Johnson,Kelly,Braves,J.A. Happ,Happ,J.A.,Phillies,6,382,64.7,1,0,1,1,0,0,71,Night,Win,2,0,2,4,-0.595,2.797,Left
179,09/22/2008,Pat Burrell,Burrell,Pat,Phillies,Julian Tavarez,Tavarez,Julian,Braves,8,395,110.2,2,3,1,1,1,0,71,Night,Win,3,1,3,3,0.328,3.468,Right
180,09/23/2008,Casey Kotchman,Kotchman,Casey,Braves,Cole Hamels,Hamels,Cole,Phillies,6,377,75.4,2,0,0,0,0,0,66,Night,Loss,1,2,1,8,-0.164,2.325,Left
181,09/24/2008,Chase Utley,Utley,Chase,Phillies,Jo-Jo Reyes,Reyes,Jo-Jo,Braves,3,381,73.6,2,0,1,0,0,0,65,Night,Loss,1,3,1,2,0.113,3.362,Left
182,09/24/2008,Ryan Howard,Howard,Ryan,Phillies,Jo-Jo Reyes,Reyes,Jo-Jo,Braves,4,431,93.4,0,2,0,0,0,0,65,Night,Loss,2,3,1,5,0.077,3.352,Left
183,09/24/2008,Chipper Jones,Jones,Chipper,Braves,Scott Eyre,Eyre,Scott,Phillies,5,384,116.6,2,2,1,1,1,0,65,Night,Loss,3,6,3,13,-0.903,2.518,Left
184,09/26/2008,Ryan Howard,Howard,Ryan,Phillies,Collin Balester,Balester,Collin,Nationals,1,424,85.4,1,0,1,1,0,1,67,Night,Win,0,0,3,9,0.549,2.424,Left
185,09/26/2008,Kory Casto,Casto,Kory,Nationals,Joe Blanton,Blanton,Joe,Phillies,6,382,73.8,2,1,0,0,0,0,67,Night,Win,7,3,1,5,0.019,2.764,Left
186,09/27/2008,Jayson Werth,Werth,Jayson,Phillies,John Lannan,Lannan,John,Nationals,5,344,65.7,0,1,2,0,0,0,74,Day,Win,2,1,1,2,0.189,4.108,Right
187,09/28/2008,Luke Montz,Montz,Luke,Nationals,Kyle Kendrick,Kendrick,Kyle,Phillies,3,373,115.7,0,0,1,0,0,0,73,Day,Win,1,0,1,7,-0.357,2.232,Right
188,09/28/2008,Matt Stairs,Stairs,Matt,Phillies,Marco Estrada,Estrada,Marco,Nationals,8,379,60.4,1,0,0,0,0,0,73,Day,Win,7,3,1,4,-0.453,2.602,Left
189,09/28/2008,Lou Marson,Marson,Lou,Phillies,Marco Estrada,Estrada,Marco,Nationals,8,395,117.5,1,1,2,1,0,0,73,Day,Win,5,3,2,13,-1.084,1.912,Right
